accuracy,precision,recall,f1_score,auc_roc,average_precision
0.9935483870967742,0.8333333333333334,1.0,0.9090909090909091,1.0,1.0
